Doshas,Title,Video
Vata,"Ayurvedic Nutrition: Balancing Doshas for Optimal Well-being | Diet Tips |
Ayurveda Eating Rules by The Yoga Institute",https://youtu.be/_sZkqnW71Jg?feature=shared
Vata,Yoga Dosha (20 mins!) Vata Balancing Ayurvedic Yoga Poses,https://youtu.be/oPIn3_SdbkE?feature=shared
Vata,How to Balance Vata Dosha Naturally?,https://youtu.be/xRppi-Ezowg?feature=shared
Pitta,Pitta Imbalance Symptoms | How to Reduce Pitta from Head,https://youtu.be/pL0iO73Gu6c?feature=shared
Pitta,Pitta Dosha Diet in Ayurvedic,https://youtu.be/OuoT_OiWL1c?feature=shared
Pitta,Yoga For Pitta Dosha | Yoga Poses To Treat Pitta Dosha | Yoga At Home |,https://youtu.be/UeT2E0Bxmzk?feature=shared
Pitta,10 Minute Yoga for Pitta Dosha,https://youtu.be/sv39v6l0k7I?feature=shared
Kapha,Kapha Dosha Routine [5 Tips for Creating Balance in Your Day],https://youtu.be/ApOi1DZyJyo?feature=shared
Kapha,Kapha Balancing Diet - Learn What to Eat & Avoid,https://youtu.be/lZBh2wc8LF4?feature=shared
Kapha,Kapha Yoga: Energize Your Body and Mind,https://youtu.be/fDRnH3erao4?feature=shared
Kapha,Holistic balance exercise for kapha,https://youtu.be/BUYGpWrgs3s?feature=shared
Vata - Pitta,"How to balance dual dosha Vata Pitta Ayurveda? Rest, exercise, meditation, pranayam, diet, routine",https://youtu.be/I5_7GcXeymo?feature=shared
Vata - Pitta,Balancing dual dosha,https://youtu.be/vaT49x1DXnk?feature=shared
Vata - Pitta,Understanding dual dosha and solutions,https://youtu.be/OBRW86GXoRw?feature=shared
Pitta - Kapha,Can I Have a Pitta & Kapha Imbalance at the Same Time,https://youtu.be/zzHDnPxNlhM?feature=shared
Pitta - Kapha,Pitta Kapha Diet Dual Dosha Food List Program in Ayurveda,https://youtu.be/V1bVuSJUqxg?feature=shared
Pitta - Kapha,Balancing pitta-kapha,https://youtu.be/b5u7Y_H2hX8?feature=shared
Vata - Kapha,Can I Have a Vata & Kapha Imbalance at the Same Time?,https://youtu.be/zzHDnPxNlhM?feature=shared
Vata - Kapha,Vata Kapha Prakriti Problems and Solutions,https://youtu.be/JiNW2Ygwnz0?feature=shared
Vata - Kapha,Vata Kapha Diet Dual Dosha Food List Program in Ayurveda,https://youtu.be/V1bVuSJUqxg?feature=shared
Vata - Kapha,How To Balance Vata-Kapha Dosha | 5 Tips | Lifestyle & Diet,https://youtu.be/khwL16MXerA?feature=shared
